{"dir": "output\\default", "monitors": [{"name": "\u304a\u5e97", "ext": "tmn", "colnames": ["\u8981\u6c42\u5f85\u3061", "\u30d0\u30c3\u30d5\u30a1", "\u5bb9\u91cf", "\u505c\u6b62\u4e2d"]}, {"name": "\u304a\u5e972", "ext": "tmn", "colnames": ["\u8981\u6c42\u5f85\u3061", "\u30d0\u30c3\u30d5\u30a1", "\u5bb9\u91cf", "\u505c\u6b62\u4e2d"]}, {"name": "\u304a\u5e97\u306e\u5bfe\u5fdc-\u5165\u529b1", "ext": "tmn", "colnames": ["\u8ffd\u52a0\u5f85\u3061", "\u8ffd\u52a0\u5f85\u3061\u5408\u8a08", "\u53d6\u5f97\u5f85\u3061", "\u53d6\u5f97\u5f85\u3061\u5408\u8a08", "\u30d0\u30c3\u30d5\u30a1", "\u5bb9\u91cf"]}, {"name": "\u304a\u5e97\u306e\u5bfe\u5fdc-\u30d5\u30a1\u30b7\u30ea\u30c6\u30a3\u306e\u8a18\u9332", "ext": "mon", "colnames": ["\u5f85\u3061\u53d7\u3051", "\u5f85\u3061\u6642\u9593"]}, {"name": "\u304a\u5e972\u306e\u5bfe\u5fdc-\u5165\u529b1", "ext": "tmn", "colnames": ["\u8ffd\u52a0\u5f85\u3061", "\u8ffd\u52a0\u5f85\u3061\u5408\u8a08", "\u53d6\u5f97\u5f85\u3061", "\u53d6\u5f97\u5f85\u3061\u5408\u8a08", "\u30d0\u30c3\u30d5\u30a1", "\u5bb9\u91cf"]}, {"name": "\u304a\u5e972\u306e\u5bfe\u5fdc-\u30d5\u30a1\u30b7\u30ea\u30c6\u30a3\u306e\u8a18\u9332", "ext": "mon", "colnames": ["\u5f85\u3061\u53d7\u3051", "\u5f85\u3061\u6642\u9593"]}]}